Workbook

Sheet General
A1: First | B1: Last | C1: Name | D1: Year | E1: City / State (played for / living) | F1: US Mail Address | G1: Email Address | H1: Work # | I1: FAX | J1: Home # | K1: Spouse
A2: Roger | B2: Aceto (deceased) | C2: =A2&" "&B2 -> Roger Aceto (deceased) | D2: 1982 | E2: Urbandale Ia. 50322 | F2: 4201 82nd Street
A3: Gary | B3: Alberhasky | C3: =A3&" "&B3 -> Gary Alberhasky | D3: 2011 | E3: Iowa City, IA 52240 | F3: 4274 Sioux Ave SE | G3: linalb65@aol.com | J3: 319-354-7128
A4: Ron | B4: Amick | C4: =A4&" "&B4 -> Ron Amick | D4: 1997 | E4: Sioux City, Ia. 51106 | F4: 1516 Old HWY 141 | G4: none
A5: John | B5: Amsbaugh | C5: =A5&" "&B5 -> John Amsbaugh | D5: 2019 | E5: Des Moines, IA 50266 | J5: 515-457-9515
A6: Steve | B6: Anderson | C6: =A6&" "&B6 -> Steve Anderson | D6: 2019 | E6: Cedar Rapids, Ia. 52402
A7: Ev | B7: Andrew (deceased) | C7: =A7&" "&B7 -> Ev Andrew (deceased) | D7: 1983 | E7: Mount Vernon, IA ***Deceased***
A8: Steve | B8: Andrew (deceased) | C8: =A8&" "&B8 -> Steve Andrew (deceased) | D8: 1993 | E8: Cedar Rapids, Ia. 52402-2328 | F8: 2180 David Ct. NE
A9: Gary | B9: Bachus | C9: =A9&" "&B9 -> Gary Bachus | D9: 2016 | E9: Des Moines, IA
A10: Don | B10: Bailey | C10: =A10&" "&B10 -> Don Bailey | D10: 2000 | E10: Perry, Iowa 50220 | F10: 1715 Pattee
A11: Tom | B11: Bakey | C11: =A11&" "&B11 -> Tom Bakey | D11: 2003 | E11: Des Moines, IA 50266 | F11: 5605 Cody Drive | J11: 515-457-9515
A12: Dave | B12: Bakey | C12: =A12&" "&B12 -> Dave Bakey | D12: 2021 | E12: Dubuque, IA | F12: 2558 University Avenue | H12: 563-663-7203 | J12: 515-457-9515
A13: Ed | B13: Bartlett (deceased) | C13: =A13&" "&B13 -> Ed Bartlett (deceased) | D13: 1989 | E13: ???, IA ***Deceased***
A14: Kenny | B14: Berg | C14: =A14&" "&B14 -> Kenny Berg | D14: 1993 | E14: Boone, Ia. 50036 ***Deceased*** | F14: 1120 Hancock Dr. #2
A15: Bob | B15: Best (deceased) | C15: =A15&" "&B15 -> Bob Best (deceased) | D15: 1976 | E15: Ames, IA 50010 ***Deceased*** | F15: 1805 Woodhaven Ave | G15: Son - Bob & Kathy Best <bobbest1126@yahoo.com> | J15: 515-232-4911
A16: Wendell | B16: Blankenburg | C16: =A16&" "&B16 -> Wendell Blankenburg | D16: 1987 | E16: Linn Township, IA 50211 | F16: 6426 55 Ave | J16: 515-981-9894
A17: Keith | B17: Boots | C17: =A17&" "&B17 -> Keith Boots | D17: 2019 | E17: Cedar Rapids, IA 52403 | J17: 515-457-9515
A18: Gregg | B18: Bosch | C18: =A18&" "&B18 -> Gregg Bosch | D18: 1995 | E18: Cedar Rapids, Ia. 52405 | F18: 2511 Shawn Court N.W. | G18: gbosch@kirkwood.cc.ia.us
A19: Mel | B19: Bowen (deceased) | C19: =A19&" "&B19 -> Mel Bowen (deceased) | D19: 1978 | E19: Clive, Iowa 50325-8572 | F19: 13261 Cedarwood Ave.
A20: Dodge | B20: Brad | C20: =A20&" "&B20 -> Dodge Brad | D20: 2016 | E20: Sioux City, IA
A21: Bob | B21: Brady | C21: =A21&" "&B21 -> Bob Brady | D21: 2019 | E21: Sioux City, IA | J21: 515-457-9515
A22: Clark | B22: Brollier (deceased) | C22: =A22&" "&B22 -> Clark Brollier (deceased) | D22: 1974 | E22: ???, IA ***Deceased***
A23: Walter | B23: Broussard (deceased) | C23: =A23&" "&B23 -> Walter Broussard (deceased) | D23: 1984 | E23: ???, IA ***Deceased***
A24: Roger | B24: Buddin | C24: =A24&" "&B24 -> Roger Buddin | D24: 1991 | E24: Ollie, IA 52576 | F24: 405 S 2nd St | G24: rrbuddin@yahoo.com | H24: 641-790-1940 | I24: http://bigcountrykennel.com/
A25: Ray | B25: Burlinghame (deceased) | C25: =A25&" "&B25 -> Ray Burlinghame (deceased) | D25: 1973 | E25: ***Deceased***
A26: Paul | B26: Burnett | C26: =A26&" "&B26 -> Paul Burnett | D26: 2000 | E26: Overland Park, Kansas 66213 | F26: 13000 West 125th Street
A27: Tom | B27: Busch (deceased 2006) | C27: =A27&" "&B27 -> Tom Busch (deceased 2006) | D27: 1998 | E27: Cedar Rapids, Ia. 52404 | F27: 1803 2nd Street S.W.
A28: Steve | B28: Calvert | C28: =A28&" "&B28 -> Steve Calvert | D28: 1998 | E28: Cedar Rapids, Ia. 52402-2311 | F28: 2216 Deb Ann Ln. NE
A29: Pete | B29: Canakes | C29: =A29&" "&B29 -> Pete Canakes | D29: 1972 | E29: Boone, IA ***Deceased***
A30: Don | B30: Carlson | C30: =A30&" "&B30 -> Don Carlson | D30: 1972 | E30: Boone, IA / Los Angeles, California 90049 | F30: 825 Norway Lane
A31: LeRoy | B31: Carlson (deceased) | C31: =A31&" "&B31 -> LeRoy Carlson (deceased) | D31: 1983 | E31: Sioux City, Ia. 51104
A32: Al | B32: Carr (deceased) | C32: =A32&" "&B32 -> Al Carr (deceased) | D32: 1985 | E32: Cedar Rapids, IA ***Deceased***
A33: Jim | B33: Caviness (deceased) | C33: =A33&" "&B33 -> Jim Caviness (deceased) | D33: 1984 | E33: Cedar Rapids, Ia. 52405 | F33: 1745 Hillside Drive N.W.
A34: Lawrence | B34: Cheyne (deceased) | C34: =A34&" "&B34 -> Lawrence Cheyne (deceased) | D34: 1983 | E34: Webster City Iowa 50159 ***Deceased***
A35: Gary | B35: Christensen | C35: =A35&" "&B35 -> Gary Christensen | D35: 2001 | E35: Winterset, Iowa | F35: 1704 Patricia Acres
A36: Cory | B36: Christensen | C36: =A36&" "&B36 -> Cory Christensen | D36: 2021 | E36: Raymond, IA 50667-9718 | F36: 550 W Central St
A37: Mike | B37: Christner | C37: =A37&" "&B37 -> Mike Christner | D37: 2015 | E37: Ottumwa, Iowa 52501
A38: Jim | B38: Ciesielski (deceased) | C38: =A38&" "&B38 -> Jim Ciesielski (deceased) | D38: 1993 | E38: Waterloo, IA 50702 | F38: 210 Williston Ave | G38: bigc37c@mchsi.COM | J38: 232-4840
A39: Mike | B39: Clark | C39: =A39&" "&B39 -> Mike Clark | D39: 2021 | E39: Des Moines, IA | F39: 675 46th Street | G39: mclark434@mchsi.com
A40: Bill | B40: Clark (deceased) | C40: =A40&" "&B40 -> Bill Clark (deceased) | D40: 2017 | E40: Sioux City, IA
A41: Edward | B41: Colbert | C41: =A41&" "&B41 -> Edward Colbert | D41: 1986 | E41: Dubuque, Ia. 52001 | F41: 264 South Grandview
A42: Jay | B42: Coleman | C42: =A42&" "&B42 -> Jay Coleman | D42: 2002 | E42: Des Moines, IA
A43: Sam | B43: Cordaro (deceased) | C43: =A43&" "&B43 -> Sam Cordaro (deceased) | D43: 1975 | E43: ???, IA ***Deceased***
A44: Tarry | B44: Cory | C44: =A44&" "&B44 -> Tarry Cory | D44: 2011 | E44: Des Moines, IA | G44: pac5549@aol.com | J44: (515) 210-9165
A45: Bob | B45: Daniels | C45: =A45&" "&B45 -> Bob Daniels | D45: 2001 | E45: Moulton, Iowa 52572 | F45: 301 West 5th Street
A46: Rick | B46: Daniels | C46: =A46&" "&B46 -> Rick Daniels | D46: 2021 | E46: Cedar Rapids
A47: Don | B47: Dannen (deceased) | C47: =A47&" "&B47 -> Don Dannen (deceased) | D47: 1993 | E47: Phoenix, AZ ***Deceased***
A48: Jason | B48: Darling | C48: =A48&" "&B48 -> Jason Darling | D48: 2017 | E48: Winterset, Iowa 50273 | F48: 111 S. 12th Avenue | G48: Jdarling@winterset.k12,ia.us | H48: 515-468-3675
A49: Matt | B49: Darling | C49: =A49&" "&B49 -> Matt Darling | D49: 2017 | E49: Adel, IA 50003 | F49: 1203 Evans View Drive | G49: MCDarling02@gmail.com | H49: 515-249-5829
A50: Nyall | B50: Davis (deceased) | C50: =A50&" "&B50 -> Nyall Davis (deceased) | D50: 1973 | E50: ???, IA ***Deceased***
A51: Abie | B51: Davis (deceased) | C51: =A51&" "&B51 -> Abie Davis (deceased) | D51: 2022 | E51: Sully, IA
A52: Don | B52: Deberg | C52: =A52&" "&B52 -> Don Deberg | D52: 1985 | E52: Waterloo, Ia. 50701 | F52: 3931 Scenic Drive
A53: Jack | B53: Delbridge | C53: =A53&" "&B53 -> Jack Delbridge | D53: 1979 | E53: Ames, Ia. 50010 | F53: 1237 24th Street
A54: Denny | B54: Delorit | C54: =A54&" "&B54 -> Denny Delorit | D54: 2015 | E54: Sioux City, IA
A55: LeRoy | B55: Dimon (deceased) | C55: =A55&" "&B55 -> LeRoy Dimon (deceased) | D55: 1973 | E55: ???, IA ***Deceased***
A56: Steve | B56: Donahue | C56: =A56&" "&B56 -> Steve Donahue | D56: 2007 | E56: Cedar Rapids, IA
A57: Lance | B57: Dreesman | C57: =A57&" "&B57 -> Lance Dreesman | D57: 1991 | E57: Grinnell Ia. 50012 | F57: 1623 Reed Street
A58: Bill | B58: Driscoll | C58: =A58&" "&B58 -> Bill Driscoll | D58: 1980 | E58: Cedar Rapids, Ia. 52405 | F58: 936 Owen Street N.W.
A59: Darren | B59: Dubsky | C59: =A59&" "&B59 -> Darren Dubsky | D59: 2016 | E59: Elkhart, IA
A60: Lou | B60: Dvorak (deceased) | C60: =A60&" "&B60 -> Lou Dvorak (deceased) | D60: 1976 | E60: ???, IA ***Deceased***
A61: Ben | B61: Edwards | C61: =A61&" "&B61 -> Ben Edwards | D61: 1999 | E61: Des Moines, Ia. 50310 | F61: 4700 Twana Drive
A62: John | B62: Ege | C62: =A62&" "&B62 -> John Ege | D62: 1999 | E62: Sioux City, Ia. 51104 | F62: 2000 Outer Drive North; Apt. #733
A63: Ron | B63: Ege | C63: =A63&" "&B63 -> Ron Ege | D63: 2019 | E63: Sioux City, IA | J63: 515-457-9515
A64: Ken | B64: Elkema (deceased) | C64: =A64&" "&B64 -> Ken Elkema (deceased) | D64: 1975 | E64: Waterloo, IA ***Deceased***
A65: Bob | B65: Elliott | C65: =A65&" "&B65 -> Bob Elliott | D65: 1979 | E65: Cedar Rapids, Ia. 52405 | F65: 1645 B Avenue N.W.
A66: Cal | B66: Ernst | C66: =A66&" "&B66 -> Cal Ernst | D66: 1994 | E66: Marion, Iowa 52302 | F66: 3860 Deer Valley Drive -A
A67: Floyd "Cocky" | B67: Espinosa (deceased) | C67: =A67&" "&B67 -> Floyd "Cocky" Espinosa (deceased) | D67: 1979 | E67: ???, IA ***Deceased***
A68: Paul | B68: Espinosa (deceased) | C68: =A68&" "&B68 -> Paul Espinosa (deceased) | D68: 1986 | E68: Clive, IA ***Deceased***
A69: Steve | B69: Fagan | C69: =A69&" "&B69 -> Steve Fagan | D69: 2007 | E69: Des Moines, IA
A70: L.J. | B70: Favors | C70: =A70&" "&B70 -> L.J. Favors | D70: 1975 | E70: Sioux City, Ia. 51103 | F70: 3000 9th. Street
A71: Denny | B71: Ferch (deceased 1999) | C71: =A71&" "&B71 -> Denny Ferch (deceased 1999) | D71: 1992 | E71: Friedly, MN ***Deceased***
A72: Dick | B72: Finn (deceased) | C72: =A72&" "&B72 -> Dick Finn (deceased) | D72: 1974 | E72: ???, IA ***Deceased***
A73: Dick | B73: Fisher | C73: =A73&" "&B73 -> Dick Fisher | D73: 1984 | E73: Waterloo, Ia. 50702 | F73: 204 Julie Court
A74: Rollo | B74: Fisher | C74: =A74&" "&B74 -> Rollo Fisher | D74: 1991 | E74: Nashua, Ia. 50658 | F74: 37 Merril Street
A75: Wayne | B75: Fisher | C75: =A75&" "&B75 -> Wayne Fisher | D75: 1996 | E75: Iowa City, Ia. 52245 | F75: 90 Amhurst
A76: Patrick | B76: Fleming | C76: =A76&" "&B76 -> Patrick Fleming | D76: non-member | E76: Grinnell, Ia. 50112 | F76: 1534 Penrose Street
A77: Francis | B77: Foley | C77: =A77&" "&B77 -> Francis Foley | D77: 2009 | E77: Sioux City, Ia
A78: Bob | B78: Fontana | C78: =A78&" "&B78 -> Bob Fontana | D78: 2001 | E78: Cedar Rapids, IA 52402 | F78: 2372 Towne NE | G78: bfontana@esc.cr.k12.ia.us | J78: 319-294-1151
A79: Floyde "Fuji" | B79: Foulton (deceased) | C79: =A79&" "&B79 -> Floyde "Fuji" Foulton (deceased) | D79: 1978 | E79: ???, IA ***Deceased***
A80: Warren | B80: Gichard | C80: =A80&" "&B80 -> Warren Gichard | D80: 2022 | E80: Solon, IA 52333-9515 | F80: 703 Plum St
A81: Jim | B81: Gorman | C81: =A81&" "&B81 -> Jim Gorman | D81: 1985 | E81: Ames, Ia. 50010 | F81: 606 Luther Drive #224
A82: Arnie | B82: Greene (deceased) | C82: =A82&" "&B82 -> Arnie Greene (deceased) | D82: 1992 | E82: ???, IA ***Deceased***
A83: Billy | B83: Greer | C83: =A83&" "&B83 -> Billy Greer | D83: 2022 | E83: Cedar Rapids, IA | F83: 131 Janice Dr NW
A84: Larry | B84: Hagen (deceased) | C84: =A84&" "&B84 -> Larry Hagen (deceased) | D84: 1990 | E84: Des Moines, IA ***Deceased***
A85: Ray | B85: Hamad | C85: =A85&" "&B85 -> Ray Hamad | D85: 1980 | E85: Cedar Rapids, Ia. 52404 | F85: 480 Burdette Drive S.W.
A86: Dave | B86: Hammel | C86: =A86&" "&B86 -> Dave Hammel | D86: 2022 | E86: Dubuque, IA 52001-1749 | F86: 920 Kane St
A87: Larry (Fuzzy) | B87: Hanes | C87: =A87&" "&B87 -> Larry (Fuzzy) Hanes | D87: 1988 | E87: Des Moines, Ia.50322 | F87: 3106 70th Street
A88: Kent | B88: Hansen | C88: =A88&" "&B88 -> Kent Hansen | D88: 1986 | E88: Bronson, Ia. 51007 | F88: 1999 Old Hwy 141
A89: Curtis | B89: Hanson (deceased) | C89: =A89&" "&B89 -> Curtis Hanson (deceased) | D89: 1984 | E89: Fort Dodge, IA ***Deceased***
A90: Gary "Zip" | B90: Hanson (deceased) | C90: =A90&" "&B90 -> Gary "Zip" Hanson (deceased) | D90: 2002 | E90: Fort Dodge, IA ***Deceased***
A91: Kevin | B91: Hartwig | C91: =A91&" "&B91 -> Kevin Hartwig | D91: 2007 | E91: Cedar Rapids, IA
A92: Rick | B92: Hartzell | C92: =A92&" "&B92 -> Rick Hartzell | D92: 2009 | E92: Cedar Rapids, IA
A93: Floyd | B93: Hazelbaker | C93: =A93&" "&B93 -> Floyd Hazelbaker | D93: 2012 | E93: Des Moines, IA
A94: Dave | B94: Hearn | C94: =A94&" "&B94 -> Dave Hearn | D94: 2003 | E94: Clive, IA 50325 | F94: 14963 Holcomb | J94: 515-987-8553
A95: Bill | B95: Helling | C95: =A95&" "&B95 -> Bill Helling | D95: 1988 | E95: Fort Madison, Ia. 52627-3841 | F95: 2738 Avenue L
A96: Larry | B96: Hendricks (deceased) | C96: =A96&" "&B96 -> Larry Hendricks (deceased) | D96: 2009 | E96: Reasnor, IA ***Deceased***
A97: Don | B97: Hensley (deceased) | C97: =A97&" "&B97 -> Don Hensley (deceased) | D97: 1988 | E97: Fort Dodge,Ia. 50501 ***Deceased*** | F97: 124 South 16th
A98: Willie | B98: Herndon (deceased) | C98: =A98&" "&B98 -> Willie Herndon (deceased) | D98: 2003 | E98: Des Moines, IA 50314 ***Deceased*** | F98: 1169 14th Street | J98: 515-282-7932
A99: Elmer J. | B99: Hoffmann | C99: Elmer J. Hoffmann | D99: 2003 | E99: Lake City, IA 51449 | F99: 115 N. Edna Street | J99: 515-462-4119 | K99: Flossie; son Dale Hoffmann can be reached at 712-683-5525
A100: Bob | B100: Hoskins (deceased) | C100: =A100&" "&B100 -> Bob Hoskins (deceased) | D100: 1995 | E100: Des Moines, Ia. 50322 | F100: 2909 92nd Street | G100: lyle_50322@yahoo.com | J100: 515-278-2494 | K100: Bari
...

Sheet NameOrder
A1: =General!C1 -> Name | B1: =General!D1 -> Year | C1: =General!F1 -> US Mail Address | D1: =General!E1 -> City / State (played for / living)
A2: =IF(General!C2<>0,General!C2," ") -> Roger Aceto (deceased) | B2: =IF(General!D2<>0,General!D2," ") -> 1982 | C2: =IF(General!F2<>0,General!F2," ") -> 4201 82nd Street | D2: =IF(General!E2<>0,General!E2," ") -> Urbandale Ia. 50322
A3: =IF(General!C4<>0,General!C4," ") -> Ron Amick | B3: =IF(General!D4<>0,General!D4," ") -> 1997 | C3: =IF(General!F4<>0,General!F4," ") -> 1516 Old HWY 141 | D3: =IF(General!E4<>0,General!E4," ") -> Sioux City, Ia. 51106
A4: =IF(General!C7<>0,General!C7," ") -> Ev Andrew (deceased) | B4: =IF(General!D7<>0,General!D7," ") -> 1983 | C4: =IF(General!F7<>0,General!F7," ") | D4: =IF(General!E7<>0,General!E7," ") -> Mount Vernon, IA ***Deceased***
A5: =IF(General!C8<>0,General!C8," ") -> Steve Andrew (deceased) | B5: =IF(General!D8<>0,General!D8," ") -> 1993 | C5: =IF(General!F8<>0,General!F8," ") -> 2180 David Ct. NE | D5: =IF(General!E8<>0,General!E8," ") -> Cedar Rapids, Ia. 52402-2328
A6: =IF(General!C10<>0,General!C10," ") -> Don Bailey | B6: =IF(General!D10<>0,General!D10," ") -> 2000 | C6: =IF(General!F10<>0,General!F10," ") -> 1715 Pattee | D6: =IF(General!E10<>0,General!E10," ") -> Perry, Iowa 50220
A7: =IF(General!C12<>0,General!C12," ") -> Dave Bakey | B7: =IF(General!D12<>0,General!D12," ") -> 2021 | C7: =IF(General!F12<>0,General!F12," ") -> 2558 University Avenue | D7: =IF(General!E12<>0,General!E12," ") -> Dubuque, IA
A8: =IF(General!C13<>0,General!C13," ") -> Ed Bartlett (deceased) | B8: =IF(General!D13<>0,General!D13," ") -> 1989 | C8: =IF(General!F13<>0,General!F13," ") | D8: =IF(General!E13<>0,General!E13," ") -> ???, IA ***Deceased***
A9: =IF(General!C14<>0,General!C14," ") -> Kenny Berg | B9: =IF(General!D14<>0,General!D14," ") -> 1993 | C9: =IF(General!F14<>0,General!F14," ") -> 1120 Hancock Dr. #2 | D9: =IF(General!E14<>0,General!E14," ") -> Boone, Ia. 50036 ***Deceased***
A10: =IF(General!C15<>0,General!C15," ") -> Bob Best (deceased) | B10: =IF(General!D15<>0,General!D15," ") -> 1976 | C10: =IF(General!F15<>0,General!F15," ") -> 1805 Woodhaven Ave | D10: =IF(General!E15<>0,General!E15," ") -> Ames, IA 50010 ***Deceased***
A11: =IF(General!C17<>0,General!C17," ") -> Keith Boots | B11: =IF(General!D17<>0,General!D17," ") -> 2019 | C11: =IF(General!F17<>0,General!F17," ") | D11: =IF(General!E17<>0,General!E17," ") -> Cedar Rapids, IA 52403
A12: =IF(General!C19<>0,General!C19," ") -> Mel Bowen (deceased) | B12: =IF(General!D19<>0,General!D19," ") -> 1978 | C12: =IF(General!F19<>0,General!F19," ") -> 13261 Cedarwood Ave. | D12: =IF(General!E19<>0,General!E19," ") -> Clive, Iowa 50325-8572
A13: =IF(General!C20<>0,General!C20," ") -> Dodge Brad | B13: =IF(General!D20<>0,General!D20," ") -> 2016 | C13: =IF(General!F20<>0,General!F20," ") | D13: =IF(General!E20<>0,General!E20," ") -> Sioux City, IA
A14: =IF(General!C21<>0,General!C21," ") -> Bob Brady | B14: =IF(General!D21<>0,General!D21," ") -> 2019 | C14: =IF(General!F21<>0,General!F21," ") | D14: =IF(General!E21<>0,General!E21," ") -> Sioux City, IA
A15: =IF(General!C23<>0,General!C23," ") -> Walter Broussard (deceased) | B15: =IF(General!D23<>0,General!D23," ") -> 1984 | C15: =IF(General!F23<>0,General!F23," ") | D15: =IF(General!E23<>0,General!E23," ") -> ???, IA ***Deceased***
A16: =IF(General!C24<>0,General!C24," ") -> Roger Buddin | B16: =IF(General!D24<>0,General!D24," ") -> 1991 | C16: =IF(General!F24<>0,General!F24," ") -> 405 S 2nd St | D16: =IF(General!E24<>0,General!E24," ") -> Ollie, IA 52576
A17: =IF(General!C25<>0,General!C25," ") -> Ray Burlinghame (deceased) | B17: =IF(General!D25<>0,General!D25," ") -> 1973 | C17: =IF(General!F25<>0,General!F25," ") | D17: =IF(General!E25<>0,General!E25," ") -> ***Deceased***
A18: =IF(General!C26<>0,General!C26," ") -> Paul Burnett | B18: =IF(General!D26<>0,General!D26," ") -> 2000 | C18: =IF(General!F26<>0,General!F26," ") -> 13000 West 125th Street | D18: =IF(General!E26<>0,General!E26," ") -> Overland Park, Kansas 66213
A19: =IF(General!C27<>0,General!C27," ") -> Tom Busch (deceased 2006) | B19: =IF(General!D27<>0,General!D27," ") -> 1998 | C19: =IF(General!F27<>0,General!F27," ") -> 1803 2nd Street S.W. | D19: =IF(General!E27<>0,General!E27," ") -> Cedar Rapids, Ia. 52404
A20: =IF(General!C28<>0,General!C28," ") -> Steve Calvert | B20: =IF(General!D28<>0,General!D28," ") -> 1998 | C20: =IF(General!F28<>0,General!F28," ") -> 2216 Deb Ann Ln. NE | D20: =IF(General!E28<>0,General!E28," ") -> Cedar Rapids, Ia. 52402-2311
A21: =IF(General!C29<>0,General!C29," ") -> Pete Canakes | B21: =IF(General!D29<>0,General!D29," ") -> 1972 | C21: =IF(General!F29<>0,General!F29," ") | D21: =IF(General!E29<>0,General!E29," ") -> Boone, IA ***Deceased***
A22: =IF(General!C30<>0,General!C30," ") -> Don Carlson | B22: =IF(General!D30<>0,General!D30," ") -> 1972 | C22: =IF(General!F30<>0,General!F30," ") -> 825 Norway Lane | D22: =IF(General!E30<>0,General!E30," ") -> Boone, IA / Los Angeles, California 90049
A23: =IF(General!C31<>0,General!C31," ") -> LeRoy Carlson (deceased) | B23: =IF(General!D31<>0,General!D31," ") -> 1983 | C23: =IF(General!F31<>0,General!F31," ") | D23: =IF(General!E31<>0,General!E31," ") -> Sioux City, Ia. 51104
A24: =IF(General!C32<>0,General!C32," ") -> Al Carr (deceased) | B24: =IF(General!D32<>0,General!D32," ") -> 1985 | C24: =IF(General!F32<>0,General!F32," ") | D24: =IF(General!E32<>0,General!E32," ") -> Cedar Rapids, IA ***Deceased***
A25: =IF(General!C33<>0,General!C33," ") -> Jim Caviness (deceased) | B25: =IF(General!D33<>0,General!D33," ") -> 1984 | C25: =IF(General!F33<>0,General!F33," ") -> 1745 Hillside Drive N.W. | D25: =IF(General!E33<>0,General!E33," ") -> Cedar Rapids, Ia. 52405
A26: =IF(General!C34<>0,General!C34," ") -> Lawrence Cheyne (deceased) | B26: =IF(General!D34<>0,General!D34," ") -> 1983 | C26: =IF(General!F34<>0,General!F34," ") | D26: =IF(General!E34<>0,General!E34," ") -> Webster City Iowa 50159 ***Deceased***
A27: =IF(General!C35<>0,General!C35," ") -> Gary Christensen | B27: =IF(General!D35<>0,General!D35," ") -> 2001 | C27: =IF(General!F35<>0,General!F35," ") -> 1704 Patricia Acres | D27: =IF(General!E35<>0,General!E35," ") -> Winterset, Iowa
A28: =IF(General!C38<>0,General!C38," ") -> Jim Ciesielski (deceased) | B28: =IF(General!D38<>0,General!D38," ") -> 1993 | C28: =IF(General!F38<>0,General!F38," ") -> 210 Williston Ave | D28: =IF(General!E38<>0,General!E38," ") -> Waterloo, IA 50702
A29: =IF(General!C41<>0,General!C41," ") -> Edward Colbert | B29: =IF(General!D41<>0,General!D41," ") -> 1986 | C29: =IF(General!F41<>0,General!F41," ") -> 264 South Grandview | D29: =IF(General!E41<>0,General!E41," ") -> Dubuque, Ia. 52001
A30: =IF(General!C42<>0,General!C42," ") -> Jay Coleman | B30: =IF(General!D42<>0,General!D42," ") -> 2002 | C30: =IF(General!F42<>0,General!F42," ") | D30: =IF(General!E42<>0,General!E42," ") -> Des Moines, IA
A31: =IF(General!C43<>0,General!C43," ") -> Sam Cordaro (deceased) | B31: =IF(General!D43<>0,General!D43," ") -> 1975 | C31: =IF(General!F43<>0,General!F43," ") | D31: =IF(General!E43<>0,General!E43," ") -> ???, IA ***Deceased***
A32: =IF(General!C46<>0,General!C46," ") -> Rick Daniels | B32: =IF(General!D46<>0,General!D46," ") -> 2021 | C32: =IF(General!F46<>0,General!F46," ") | D32: =IF(General!E46<>0,General!E46," ") -> Cedar Rapids
A33: =IF(General!C47<>0,General!C47," ") -> Don Dannen (deceased) | B33: =IF(General!D47<>0,General!D47," ") -> 1993 | C33: =IF(General!F47<>0,General!F47," ") | D33: =IF(General!E47<>0,General!E47," ") -> Phoenix, AZ ***Deceased***
A34: =IF(General!C50<>0,General!C50," ") -> Nyall Davis (deceased) | B34: =IF(General!D50<>0,General!D50," ") -> 1973 | C34: =IF(General!F50<>0,General!F50," ") | D34: =IF(General!E50<>0,General!E50," ") -> ???, IA ***Deceased***
A35: =IF(General!C51<>0,General!C51," ") -> Abie Davis (deceased) | B35: =IF(General!D51<>0,General!D51," ") -> 2022 | C35: =IF(General!F51<>0,General!F51," ") | D35: =IF(General!E51<>0,General!E51," ") -> Sully, IA
A36: =IF(General!C52<>0,General!C52," ") -> Don Deberg | B36: =IF(General!D52<>0,General!D52," ") -> 1985 | C36: =IF(General!F52<>0,General!F52," ") -> 3931 Scenic Drive | D36: =IF(General!E52<>0,General!E52," ") -> Waterloo, Ia. 50701
A37: =IF(General!C54<>0,General!C54," ") -> Denny Delorit | B37: =IF(General!D54<>0,General!D54," ") -> 2015 | C37: =IF(General!F54<>0,General!F54," ") | D37: =IF(General!E54<>0,General!E54," ") -> Sioux City, IA
A38: =IF(General!C57<>0,General!C57," ") -> Lance Dreesman | B38: =IF(General!D57<>0,General!D57," ") -> 1991 | C38: =IF(General!F57<>0,General!F57," ") -> 1623 Reed Street | D38: =IF(General!E57<>0,General!E57," ") -> Grinnell Ia. 50012
A39: =IF(General!C58<>0,General!C58," ") -> Bill Driscoll | B39: =IF(General!D58<>0,General!D58," ") -> 1980 | C39: =IF(General!F58<>0,General!F58," ") -> 936 Owen Street N.W. | D39: =IF(General!E58<>0,General!E58," ") -> Cedar Rapids, Ia. 52405
A40: =IF(General!C60<>0,General!C60," ") -> Lou Dvorak (deceased) | B40: =IF(General!D60<>0,General!D60," ") -> 1976 | C40: =IF(General!F60<>0,General!F60," ") | D40: =IF(General!E60<>0,General!E60," ") -> ???, IA ***Deceased***
A41: =IF(General!C61<>0,General!C61," ") -> Ben Edwards | B41: =IF(General!D61<>0,General!D61," ") -> 1999 | C41: =IF(General!F61<>0,General!F61," ") -> 4700 Twana Drive | D41: =IF(General!E61<>0,General!E61," ") -> Des Moines, Ia. 50310
A42: =IF(General!C62<>0,General!C62," ") -> John Ege | B42: =IF(General!D62<>0,General!D62," ") -> 1999 | C42: =IF(General!F62<>0,General!F62," ") -> 2000 Outer Drive North; Apt. #733 | D42: =IF(General!E62<>0,General!E62," ") -> Sioux City, Ia. 51104
A43: =IF(General!C64<>0,General!C64," ") -> Ken Elkema (deceased) | B43: =IF(General!D64<>0,General!D64," ") -> 1975 | C43: =IF(General!F64<>0,General!F64," ") | D43: =IF(General!E64<>0,General!E64," ") -> Waterloo, IA ***Deceased***
A44: =IF(General!C65<>0,General!C65," ") -> Bob Elliott | B44: =IF(General!D65<>0,General!D65," ") -> 1979 | C44: =IF(General!F65<>0,General!F65," ") -> 1645 B Avenue N.W. | D44: =IF(General!E65<>0,General!E65," ") -> Cedar Rapids, Ia. 52405
A45: =IF(General!C66<>0,General!C66," ") -> Cal Ernst | B45: =IF(General!D66<>0,General!D66," ") -> 1994 | C45: =IF(General!F66<>0,General!F66," ") -> 3860 Deer Valley Drive -A | D45: =IF(General!E66<>0,General!E66," ") -> Marion, Iowa 52302
A46: =IF(General!C67<>0,General!C67," ") -> Floyd "Cocky" Espinosa (deceased) | B46: =IF(General!D67<>0,General!D67," ") -> 1979 | C46: =IF(General!F67<>0,General!F67," ") | D46: =IF(General!E67<>0,General!E67," ") -> ???, IA ***Deceased***
A47: =IF(General!C68<>0,General!C68," ") -> Paul Espinosa (deceased) | B47: =IF(General!D68<>0,General!D68," ") -> 1986 | C47: =IF(General!F68<>0,General!F68," ") | D47: =IF(General!E68<>0,General!E68," ") -> Clive, IA ***Deceased***
A48: =IF(General!C70<>0,General!C70," ") -> L.J. Favors | B48: =IF(General!D70<>0,General!D70," ") -> 1975 | C48: =IF(General!F70<>0,General!F70," ") -> 3000 9th. Street | D48: =IF(General!E70<>0,General!E70," ") -> Sioux City, Ia. 51103
A49: =IF(General!C71<>0,General!C71," ") -> Denny Ferch (deceased 1999) | B49: =IF(General!D71<>0,General!D71," ") -> 1992 | C49: =IF(General!F71<>0,General!F71," ") | D49: =IF(General!E71<>0,General!E71," ") -> Friedly, MN ***Deceased***
A50: =IF(General!C72<>0,General!C72," ") -> Dick Finn (deceased) | B50: =IF(General!D72<>0,General!D72," ") -> 1974 | C50: =IF(General!F72<>0,General!F72," ") | D50: =IF(General!E72<>0,General!E72," ") -> ???, IA ***Deceased***
A51: =IF(General!C73<>0,General!C73," ") -> Dick Fisher | B51: =IF(General!D73<>0,General!D73," ") -> 1984 | C51: =IF(General!F73<>0,General!F73," ") -> 204 Julie Court | D51: =IF(General!E73<>0,General!E73," ") -> Waterloo, Ia. 50702
A52: =IF(General!C74<>0,General!C74," ") -> Rollo Fisher | B52: =IF(General!D74<>0,General!D74," ") -> 1991 | C52: =IF(General!F74<>0,General!F74," ") -> 37 Merril Street | D52: =IF(General!E74<>0,General!E74," ") -> Nashua, Ia. 50658
A53: =IF(General!C75<>0,General!C75," ") -> Wayne Fisher | B53: =IF(General!D75<>0,General!D75," ") -> 1996 | C53: =IF(General!F75<>0,General!F75," ") -> 90 Amhurst | D53: =IF(General!E75<>0,General!E75," ") -> Iowa City, Ia. 52245
A54: =IF(General!C77<>0,General!C77," ") -> Francis Foley | B54: =IF(General!D77<>0,General!D77," ") -> 2009 | C54: =IF(General!F77<>0,General!F77," ") | D54: =IF(General!E77<>0,General!E77," ") -> Sioux City, Ia
A55: =IF(General!C78<>0,General!C78," ") -> Bob Fontana | B55: =IF(General!D78<>0,General!D78," ") -> 2001 | C55: =IF(General!F78<>0,General!F78," ") -> 2372 Towne NE | D55: =IF(General!E78<>0,General!E78," ") -> Cedar Rapids, IA 52402
A56: =IF(General!C79<>0,General!C79," ") -> Floyde "Fuji" Foulton (deceased) | B56: =IF(General!D79<>0,General!D79," ") -> 1978 | C56: =IF(General!F79<>0,General!F79," ") | D56: =IF(General!E79<>0,General!E79," ") -> ???, IA ***Deceased***
A57: =IF(General!C81<>0,General!C81," ") -> Jim Gorman | B57: =IF(General!D81<>0,General!D81," ") -> 1985 | C57: =IF(General!F81<>0,General!F81," ") -> 606 Luther Drive #224 | D57: =IF(General!E81<>0,General!E81," ") -> Ames, Ia. 50010
A58: =IF(General!C83<>0,General!C83," ") -> Billy Greer | B58: =IF(General!D83<>0,General!D83," ") -> 2022 | C58: =IF(General!F83<>0,General!F83," ") -> 131 Janice Dr NW | D58: =IF(General!E83<>0,General!E83," ") -> Cedar Rapids, IA
A59: =IF(General!C84<>0,General!C84," ") -> Larry Hagen (deceased) | B59: =IF(General!D84<>0,General!D84," ") -> 1990 | C59: =IF(General!F84<>0,General!F84," ") | D59: =IF(General!E84<>0,General!E84," ") -> Des Moines, IA ***Deceased***
A60: =IF(General!C85<>0,General!C85," ") -> Ray Hamad | B60: =IF(General!D85<>0,General!D85," ") -> 1980 | C60: =IF(General!F85<>0,General!F85," ") -> 480 Burdette Drive S.W. | D60: =IF(General!E85<>0,General!E85," ") -> Cedar Rapids, Ia. 52404
A61: =IF(General!C87<>0,General!C87," ") -> Larry (Fuzzy) Hanes | B61: =IF(General!D87<>0,General!D87," ") -> 1988 | C61: =IF(General!F87<>0,General!F87," ") -> 3106 70th Street | D61: =IF(General!E87<>0,General!E87," ") -> Des Moines, Ia.50322
A62: =IF(General!C88<>0,General!C88," ") -> Kent Hansen | B62: =IF(General!D88<>0,General!D88," ") -> 1986 | C62: =IF(General!F88<>0,General!F88," ") -> 1999 Old Hwy 141 | D62: =IF(General!E88<>0,General!E88," ") -> Bronson, Ia. 51007
A63: =IF(General!C89<>0,General!C89," ") -> Curtis Hanson (deceased) | B63: =IF(General!D89<>0,General!D89," ") -> 1984 | C63: =IF(General!F89<>0,General!F89," ") | D63: =IF(General!E89<>0,General!E89," ") -> Fort Dodge, IA ***Deceased***
A64: =IF(General!C90<>0,General!C90," ") -> Gary "Zip" Hanson (deceased) | B64: =IF(General!D90<>0,General!D90," ") -> 2002 | C64: =IF(General!F90<>0,General!F90," ") | D64: =IF(General!E90<>0,General!E90," ") -> Fort Dodge, IA ***Deceased***
A65: =IF(General!C94<>0,General!C94," ") -> Dave Hearn | B65: =IF(General!D94<>0,General!D94," ") -> 2003 | C65: =IF(General!F94<>0,General!F94," ") -> 14963 Holcomb | D65: =IF(General!E94<>0,General!E94," ") -> Clive, IA 50325
A66: =IF(General!C95<>0,General!C95," ") -> Bill Helling | B66: =IF(General!D95<>0,General!D95," ") -> 1988 | C66: =IF(General!F95<>0,General!F95," ") -> 2738 Avenue L | D66: =IF(General!E95<>0,General!E95," ") -> Fort Madison, Ia. 52627-3841
A67: =IF(General!C97<>0,General!C97," ") -> Don Hensley (deceased) | B67: =IF(General!D97<>0,General!D97," ") -> 1988 | C67: =IF(General!F97<>0,General!F97," ") -> 124 South 16th | D67: =IF(General!E97<>0,General!E97," ") -> Fort Dodge,Ia. 50501 ***Deceased***
A68: =IF(General!C98<>0,General!C98," ") -> Willie Herndon (deceased) | B68: =IF(General!D98<>0,General!D98," ") -> 2003 | C68: =IF(General!F98<>0,General!F98," ") -> 1169 14th Street | D68: =IF(General!E98<>0,General!E98," ") -> Des Moines, IA 50314 ***Deceased***
A69: =IF(General!C99<>0,General!C99," ") -> Elmer J. Hoffmann | B69: =IF(General!D99<>0,General!D99," ") -> 2003 | C69: =IF(General!F99<>0,General!F99," ") -> 115 N. Edna Street | D69: =IF(General!E99<>0,General!E99," ") -> Lake City, IA 51449
A70: =IF(General!C100<>0,General!C100," ") -> Bob Hoskins (deceased) | B70: =IF(General!D100<>0,General!D100," ") -> 1995 | C70: =IF(General!F100<>0,General!F100," ") -> 2909 92nd Street | D70: =IF(General!E100<>0,General!E100," ") -> Des Moines, Ia. 50322
A71: =IF(General!C101<>0,General!C101," ") -> Bruce Hotchkiss | B71: =IF(General!D101<>0,General!D101," ") -> 1998 | C71: =IF(General!F101<>0,General!F101," ") -> 8605 NW 70th Court | D71: =IF(General!E101<>0,General!E101," ") -> Johnston, Ia. 50131
A72: =IF(General!C103<>0,General!C103," ") -> Fred Jackson | B72: =IF(General!D103<>0,General!D103," ") -> 1996 | C72: =IF(General!F103<>0,General!F103," ") -> 5500 Kuykendall Road | D72: =IF(General!E103<>0,General!E103," ") -> Charlotte, North Carolina 28270
A73: =IF(General!C104<>0,General!C104," ") -> Earl "Huck" Jackson (deceased) | B73: =IF(General!D104<>0,General!D104," ") -> 1982 | C73: =IF(General!F104<>0,General!F104," ") | D73: =IF(General!E104<>0,General!E104," ") -> ???, IA ***Deceased***
A74: =IF(General!C105<>0,General!C105," ") -> Blake James | B74: =IF(General!D105<>0,General!D105," ") -> 2016 | C74: =IF(General!F105<>0,General!F105," ") | D74: =IF(General!E105<>0,General!E105," ") -> Sioux City, IA
A75: =IF(General!C106<>0,General!C106," ") -> Dale Johansen (deceased) | B75: =IF(General!D106<>0,General!D106," ") -> 1989 | C75: =IF(General!F106<>0,General!F106," ") -> 204 East 29th | D75: =IF(General!E106<>0,General!E106," ") -> Hays, Kansas 67601 ***Deceased***
A76: =IF(General!C107<>0,General!C107," ") -> Bob Johns (deceased) | B76: =IF(General!D107<>0,General!D107," ") -> 1973 | C76: =IF(General!F107<>0,General!F107," ") | D76: =IF(General!E107<>0,General!E107," ") -> ???, IA ***Deceased***
A77: =IF(General!C108<>0,General!C108," ") -> Dale Johnson (deceased) | B77: =IF(General!D108<>0,General!D108," ") -> 1989 | C77: =IF(General!F108<>0,General!F108," ") | D77: =IF(General!E108<>0,General!E108," ") -> ???, IA ***Deceased***
A78: =IF(General!C109<>0,General!C109," ") -> Dick Jones (deceased) | B78: =IF(General!D109<>0,General!D109," ") -> 1972 | C78: =IF(General!F109<>0,General!F109," ") | D78: =IF(General!E109<>0,General!E109," ") -> Ames, IA ***Deceased***
A79: =IF(General!C110<>0,General!C110," ") -> Bill Jones (deceased) | B79: =IF(General!D110<>0,General!D110," ") -> 1984 | C79: =IF(General!F110<>0,General!F110," ") | D79: =IF(General!E110<>0,General!E110," ") -> Deland, FL ***Deceased***
A80: =IF(General!C111<>0,General!C111," ") -> Howard Judd (deceased) | B80: =IF(General!D111<>0,General!D111," ") -> 1975 | C80: =IF(General!F111<>0,General!F111," ") | D80: =IF(General!E111<>0,General!E111," ") -> ???, IA ***Deceased***
A81: =IF(General!C112<>0,General!C112," ") -> Vic Kadlec (deceased) | B81: =IF(General!D112<>0,General!D112," ") -> 1985 | C81: =IF(General!F112<>0,General!F112," ") -> 4485 Aspen Hills Circle | D81: =IF(General!E112<>0,General!E112," ") -> Bettendorf, Ia. 52722
A82: =IF(General!C113<>0,General!C113," ") -> Ronald Kain | B82: =IF(General!D113<>0,General!D113," ") -> 2000 | C82: =IF(General!F113<>0,General!F113," ") -> Box 281 | D82: =IF(General!E113<>0,General!E113," ") -> Prarie City, Iowa 50228
A83: =IF(General!C115<>0,General!C115," ") -> Sonny Kalishek | B83: =IF(General!D115<>0,General!D115," ") -> 2012 | C83: =IF(General!F115<>0,General!F115," ") -> 1953 - 190th Street | D83: =IF(General!E115<>0,General!E115," ") -> New Hampton, IA 50659
A84: =IF(General!C116<>0,General!C116," ") -> Irv Kawarsky (deceased) | B84: =IF(General!D116<>0,General!D116," ") -> 1978 | C84: =IF(General!F116<>0,General!F116," ") -> 7739 Nall | D84: =IF(General!E116<>0,General!E116," ") -> Prarie Village, Kansas 66208
A85: =IF(General!C117<>0,General!C117," ") -> Bobby Keefer | B85: =IF(General!D117<>0,General!D117," ") -> 1973 | C85: =IF(General!F117<>0,General!F117," ") -> 3101 Park Plaza Drive | D85: =IF(General!E117<>0,General!E117," ") -> Des Moines, Ia. 50315 ***Deceased***
A86: =IF(General!C119<>0,General!C119," ") -> Steve Kerian | B86: =IF(General!D119<>0,General!D119," ") -> 2009 | C86: =IF(General!F119<>0,General!F119," ") | D86: =IF(General!E119<>0,General!E119," ") -> Cedar Rapids/Sioux City,IA
A87: =IF(General!C120<>0,General!C120," ") -> Dick Kerker (deceased) | B87: =IF(General!D120<>0,General!D120," ") -> 1990 | C87: =IF(General!F120<>0,General!F120," ") -> 2736 West Laurel Avenue | D87: =IF(General!E120<>0,General!E120," ") -> Davenport,Ia. 52804
A88: =IF(General!C121<>0,General!C121," ") -> Frank V. "Chuck" Klein (deceased) | B88: =IF(General!D121<>0,General!D121," ") -> 1987 | C88: =IF(General!F121<>0,General!F121," ") | D88: =IF(General!E121<>0,General!E121," ") -> Fort Madison, IA ***Deceased***
A89: =IF(General!#REF!<>0,General!#REF!," ") -> #REF! | B89: =IF(General!#REF!<>0,General!#REF!," ") -> #REF! | C89: =IF(General!#REF!<>0,General!#REF!," ") -> #REF! | D89: =IF(General!#REF!<>0,General!#REF!," ") -> #REF!
A90: =IF(General!C122<>0,General!C122," ") -> Gene Knop | B90: =IF(General!D122<>0,General!D122," ") -> 1986 | C90: =IF(General!F122<>0,General!F122," ") -> 5977 240th Avenue | D90: =IF(General!E122<>0,General!E122," ") -> Ida Grove, Ia. 51445
A91: =IF(General!C123<>0,General!C123," ") -> Robert W. Kramer (deceased) | B91: =IF(General!D123<>0,General!D123," ") -> 2000 | C91: =IF(General!F123<>0,General!F123," ") -> 5121 Chestnut Ridge Road NE | D91: =IF(General!E123<>0,General!E123," ") -> Cedar Rapids, Iowa 52411
A92: =IF(General!C124<>0,General!C124," ") -> Rick Kriz | B92: =IF(General!D124<>0,General!D124," ") -> 2004 | C92: =IF(General!F124<>0,General!F124," ") | D92: =IF(General!E124<>0,General!E124," ") -> Steamboat Rock, IA
A93: =IF(General!C125<>0,General!C125," ") -> Don Kruse (deceased) | B93: =IF(General!D125<>0,General!D125," ") -> 1972 | C93: =IF(General!F125<>0,General!F125," ") | D93: =IF(General!E125<>0,General!E125," ") -> Boone, IA 50036 ***Deceased***
A94: =IF(General!C126<>0,General!C126," ") -> Walter "Sonny" Kull (deceased) | B94: =IF(General!D126<>0,General!D126," ") -> 1982 | C94: =IF(General!F126<>0,General!F126," ") -> 2709 Dodge Street | D94: =IF(General!E126<>0,General!E126," ") -> Sioux City, Ia. 51106
A95: =IF(General!C127<>0,General!C127," ") -> Gale Kurtz | B95: =IF(General!D127<>0,General!D127," ") -> 1996 | C95: =IF(General!F127<>0,General!F127," ") -> 5508 Wild Rose Lane | D95: =IF(General!E127<>0,General!E127," ") -> Sioux City,Ia. 51106
A96: =IF(General!C130<>0,General!C130," ") -> Dale Lassen | B96: =IF(General!D130<>0,General!D130," ") -> 2017 | C96: =IF(General!F130<>0,General!F130," ") -> 402 Kelley Ct. | D96: =IF(General!E130<>0,General!E130," ") -> Springville, IA 52336
A97: =IF(General!C131<>0,General!C131," ") -> Les Lawrence | B97: =IF(General!D131<>0,General!D131," ") -> 1982 | C97: =IF(General!F131<>0,General!F131," ") -> 1846 Mallory S.W. | D97: =IF(General!E131<>0,General!E131," ") -> Cedar Rapids, Ia. 52404
A98: =IF(General!C132<>0,General!C132," ") -> Doug Lindaman | B98: =IF(General!D132<>0,General!D132," ") -> 1993 | C98: =IF(General!F132<>0,General!F132," ") -> 102 Hilltop Drive | D98: =IF(General!E132<>0,General!E132," ") -> Ackley, IA 50601
A99: =IF(General!C133<>0,General!C133," ") -> Franz Linden (deceased) | B99: =IF(General!D133<>0,General!D133," ") -> 1972 | C99: =IF(General!F133<>0,General!F133," ") | D99: =IF(General!E133<>0,General!E133," ") -> Des Moines / Boone, IA ***Deceased***
A100: =IF(General!C134<>0,General!C134," ") -> Dennis Linderbaum | B100: =IF(General!D134<>0,General!D134," ") -> 1995 | C100: =IF(General!F134<>0,General!F134," ") -> 5913 Cottonwood Circle | D100: =IF(General!E134<>0,General!E134," ") -> West Des Moines, Ia. 50266
...
